{
  "epoch": [
    1,
    2,
    3,
    4,
    5,
    6,
    7,
    8,
    9,
    10,
    11,
    12,
    13,
    14,
    15,
    16,
    17,
    18,
    19,
    20,
    21,
    22,
    23,
    24,
    25,
    26,
    27,
    28,
    29,
    30,
    31,
    32,
    33,
    34,
    35,
    36,
    37,
    38,
    39,
    40,
    41,
    42,
    43,
    44,
    45,
    46,
    47,
    48,
    49,
    50,
    51,
    52,
    53,
    54,
    55,
    56,
    57,
    58,
    59,
    60
  ],
  "train_loss": [
    2.0687758072154727,
    1.5751112791496937,
    1.3462053143133328,
    1.175585882870231,
    1.0148460139909128,
    0.9031203751019605,
    0.8148362083697882,
    0.7166922282984877,
    0.6896043969890264,
    0.6177586766678518,
    0.5972634953776682,
    0.5846691225457379,
    0.5574478056956463,
    0.5355321431723167,
    0.5065792845928763,
    0.49288629866021827,
    0.47029479742050173,
    0.4709517100664574,
    0.4490215056055174,
    0.42544079896971937,
    0.4248765140067874,
    0.4223055824285417,
    0.4198718249797821,
    0.43896783733461786,
    0.4250417803450832,
    0.3971595503683165,
    0.40243901328777704,
    0.401893643530335,
    0.3854540933774212,
    0.3812294976917778,
    0.3363270961862849,
    0.31486822638924666,
    0.31348577934925953,
    0.2997271851291807,
    0.2995432062881199,
    0.29953522574244523,
    0.3009459615457715,
    0.2925567391819841,
    0.308341498778561,
    0.26820489116541046,
    0.2561529697865013,
    0.25316914392737894,
    0.2515750886887077,
    0.25606385640741336,
    0.2506502785551266,
    0.2503213729210726,
    0.24931761920452117,
    0.24739058414312798,
    0.24951087048673254,
    0.24443436678000321,
    0.24923367397053034,
    0.24538584555697254,
    0.2410105438213649,
    0.2415941451478192,
    0.2433837066954515,
    0.24087233648994777,
    0.23974892961697317,
    0.2360700302940654,
    0.23787942463018763,
    0.23693609824330789
  ],
  "val_mse": [
    1.6241586208343506,
    1.4979355335235596,
    1.3344817161560059,
    1.204255223274231,
    1.0627659559249878,
    1.0052088499069214,
    0.8882579207420349,
    0.8606222867965698,
    0.7760947942733765,
    0.7697165608406067,
    0.7134431600570679,
    0.706676185131073,
    0.687764048576355,
    0.6585292816162109,
    0.7388234734535217,
    0.7271527647972107,
    0.6052692532539368,
    0.6071627140045166,
    0.587269127368927,
    0.5855973958969116,
    0.5660105347633362,
    0.5811058878898621,
    0.673057496547699,
    0.5040364861488342,
    0.5947457551956177,
    0.528286337852478,
    0.5524200201034546,
    0.5626980662345886,
    0.5287750363349915,
    0.5771507620811462,
    0.5084912180900574,
    0.5078152418136597,
    0.4940694570541382,
    0.5180160403251648,
    0.5193055868148804,
    0.501136064529419,
    0.500831663608551,
    0.533542275428772,
    0.5172728300094604,
    0.4717315435409546,
    0.5054358243942261,
    0.46436190605163574,
    0.4673198163509369,
    0.4640556573867798,
    0.4842105805873871,
    0.4723731279373169,
    0.4714938998222351,
    0.4726388156414032,
    0.4713042080402374,
    0.46374356746673584,
    0.4616740942001343,
    0.47997695207595825,
    0.4782654941082001,
    0.48267388343811035,
    0.4516441524028778,
    0.45908698439598083,
    0.4737638533115387,
    0.45296695828437805,
    0.4687248468399048,
    0.46162962913513184
  ],
  "val_mae": [
    0.9617704749107361,
    0.9022740125656128,
    0.8509262204170227,
    0.7909276485443115,
    0.7452658414840698,
    0.7139881253242493,
    0.6817921996116638,
    0.6499600410461426,
    0.6154648661613464,
    0.6215807795524597,
    0.587104320526123,
    0.5785548090934753,
    0.5626001954078674,
    0.5663194060325623,
    0.5855348706245422,
    0.5876795053482056,
    0.5409361720085144,
    0.5269870758056641,
    0.5150368213653564,
    0.5213527679443359,
    0.5103318095207214,
    0.5056765079498291,
    0.5414623022079468,
    0.4833044707775116,
    0.5245487689971924,
    0.4855481684207916,
    0.49986401200294495,
    0.49536219239234924,
    0.4924803674221039,
    0.5033797025680542,
    0.4721370339393616,
    0.4675391912460327,
    0.46961352229118347,
    0.47642847895622253,
    0.47224748134613037,
    0.4728172719478607,
    0.4643966853618622,
    0.4833916127681732,
    0.47786417603492737,
    0.4548979103565216,
    0.4675337076187134,
    0.4515691101551056,
    0.4513692557811737,
    0.44757333397865295,
    0.4592597186565399,
    0.45654094219207764,
    0.4535020589828491,
    0.45314842462539673,
    0.45038577914237976,
    0.4521690905094147,
    0.44570013880729675,
    0.4506751298904419,
    0.45521989464759827,
    0.45707735419273376,
    0.43862226605415344,
    0.4453359842300415,
    0.44342344999313354,
    0.4399503469467163,
    0.44657883048057556,
    0.43861204385757446
  ],
  "val_r2": [
    0.2175617218017578,
    0.278369665145874,
    0.3571135401725769,
    0.4198501706123352,
    0.4880126118659973,
    0.5157407522201538,
    0.5720818042755127,
    0.5853952765464783,
    0.6261163949966431,
    0.629189133644104,
    0.656298816204071,
    0.6595587730407715,
    0.6686697006225586,
    0.6827535629272461,
    0.6440718173980713,
    0.6496942043304443,
    0.7084115743637085,
    0.7074993848800659,
    0.7170831561088562,
    0.7178884744644165,
    0.7273244857788086,
    0.7200523018836975,
    0.6757546067237854,
    0.7571804523468018,
    0.7134813070297241,
    0.7454981207847595,
    0.7338716983795166,
    0.7289202809333801,
    0.7452626824378967,
    0.7219576835632324,
    0.7550343871116638,
    0.7553600668907166,
    0.7619820833206177,
    0.7504458427429199,
    0.749824583530426,
    0.7585777044296265,
    0.7587243914604187,
    0.7429660558700562,
    0.7508038878440857,
    0.7727433443069458,
    0.7565063238143921,
    0.7762936949729919,
    0.7748687267303467,
    0.776441216468811,
    0.7667316198348999,
    0.7724342942237854,
    0.7728578448295593,
    0.7723063230514526,
    0.77294921875,
    0.7765915393829346,
    0.7775885462760925,
    0.7687711715698242,
    0.7695956230163574,
    0.7674719095230103,
    0.7824204564094543,
    0.778834879398346,
    0.7717642784118652,
    0.7817832231521606,
    0.7741918563842773,
    0.7776099443435669
  ],
  "val_mape": [
    3052603800.0,
    2794194600.0,
    2611570200.0,
    2455172600.0,
    2403735600.0,
    2012051400.0,
    2233544600.0,
    1980645200.0,
    1786472200.0,
    1987596000.0,
    1624007600.0,
    1750966600.0,
    1395597400.0,
    1602315900.0,
    1226763600.0,
    1355453700.0,
    1352581100.0,
    1283872300.0,
    1382079800.0,
    1485895400.0,
    1291406000.0,
    1148572500.0,
    1138755000.0,
    1196594700.0,
    1153132800.0,
    1071856700.0,
    1146225600.0,
    1318568100.0,
    1241133600.0,
    1299520600.0,
    1267545500.0,
    1047070200.0,
    1018458100.0,
    1052522700.0,
    1063269000.0,
    915314200.0,
    1075954500.0,
    1231624200.0,
    971630700.0,
    1190406900.0,
    985589400.0,
    1023843500.0,
    960558600.0,
    1037835900.0,
    915962400.0,
    954018300.0,
    1117851900.0,
    1053800100.0,
    998703100.0,
    1066960200.0,
    951967300.0,
    1071366600.0,
    1092569500.0,
    915615100.0,
    976861500.0,
    973435200.0,
    886517600.0,
    931025000.0,
    946556100.0,
    1045815500.0
  ],